Column1,Column2,Column3,,
,,Architecture ,,
,Architectural Engineering ,Architecture,,
,Architectural History and Criticism ,Architecture,,
,Architectural Technology ,Architecture,,
,Construction Engineering ,Architecture,,
,Cultural Resource Management and Policy Analysis ,Architecture,,
,Environmental Design ,Architecture,,
,Historic Preservation and Conservation ,Architecture,,
,Interior Architecture ,Architecture,,
,Landscape Architecture ,Architecture,,
,"Urban, Community and Regional Planning ",Architecture,,
,Other Architecture ,Architecture,,
,, ,,
,,Arts and Humanities ,,
,African Languages and Societies ,Arts and Humanities,,
,American Studies ,Arts and Humanities,,
American Film Studies ,American Studies,Arts and Humanities,,
American Literature ,American Studies,Arts and Humanities,,
American Material Culture ,American Studies,Arts and Humanities,,
American Popular Culture ,American Studies,Arts and Humanities,,
Other American Studies,American Studies,Arts and Humanities,,
,Art and Design ,Arts and Humanities,,
Art and Materials Conservation ,Art and Design,Arts and Humanities,,
Book and Paper ,Art and Design,Arts and Humanities,,
Fashion Design ,Art and Design,Arts and Humanities,,
Game Design ,Art and Design,Arts and Humanities,,
Graphic Design ,Art and Design,Arts and Humanities,,
Illustration ,Art and Design,Arts and Humanities,,
Interactive Arts ,Art and Design,Arts and Humanities,,
Interdisciplinary Arts and Media ,Art and Design,Arts and Humanities,,
Product Design ,Art and Design,Arts and Humanities,,
,Art Practice ,Arts and Humanities,,
,Audio Arts and Acoustics ,Arts and Humanities,,
,Australian Studies ,Arts and Humanities,,
,Celtic Studies ,Arts and Humanities,,
,Chinese Studies ,Arts and Humanities,,
,Classics ,Arts and Humanities,,
"Ancient History, Greek and Roman through Late Antiquity ",Classics,Arts and Humanities,,
Ancient Philosophy ,Classics,Arts and Humanities,,
Byzantine and Modern Greek ,Classics,Arts and Humanities,,
Classical Archaeology and Art History ,Classics,Arts and Humanities,,
Classical Literature and Philology ,Classics,Arts and Humanities,,
Indo-European Linguistics and Philology ,Classics,Arts and Humanities,,
Other Classics ,Classics,Arts and Humanities,,
,Comparative Literature ,Arts and Humanities,,
,Creative Writing ,Arts and Humanities,,
Fiction ,Creative Writing,Arts and Humanities,,
Nonfiction ,Creative Writing,Arts and Humanities,,
Poetry ,Creative Writing,Arts and Humanities,,
,Dutch Studies ,Arts and Humanities,,
,East Asian Languages and Societies ,Arts and Humanities,,
,English Language and Literature ,Arts and Humanities,,
"Feminist, Gender and Sexuality Studies ",English Language and Literature,Arts and Humanities,,
"Literature in English, Anglophone outside British Isles and North America ",English Language and Literature,Arts and Humanities,,
"Literature in English, British Isles ",English Language and Literature,Arts and Humanities,,
"Literature in English, North America ",English Language and Literature,Arts and Humanities,,
"Literature in English, North America, ethnic and minority ",English Language and Literature,Arts and Humanities,,
Other English Language and Literature ,English Language and Literature,Arts and Humanities,,
,European Languages and Societies ,Arts and Humanities,,
,"Feminist, Gender, and Sexuality Studies ",Arts and Humanities,,
"Lesbian, Gay, Bisexual, and Transgender Studies ","Feminist, Gender, and Sexuality Studies",Arts and Humanities,,
Women's Studies ,"Feminist, Gender, and Sexuality Studies",Arts and Humanities,,
"Other Feminist, Gender, and Sexuality \Studies ","Feminist, Gender, and Sexuality Studies",Arts and Humanities,,
,Film and Media Studies ,Arts and Humanities,,
Visual Studies,Film and Media Studies,Arts and Humanities,,
Other Film and Media Studies ,Film and Media Studies,Arts and Humanities,,
,Fine Arts ,Arts and Humanities,,
,French and Francophone Language and Literature ,Arts and Humanities,,
French and Francophone Literature ,French and Francophone Language and Literature,Arts and Humanities,,
French Linguistics ,French and Francophone Language and Literature,Arts and Humanities,,
Other French and Francophone Language and Literature ,French and Francophone Language and Literature,Arts and Humanities,,
,German Language and Literature ,Arts and Humanities,,
German Linguistics ,German Language and Literature,Arts and Humanities,,
German Literature ,German Language and Literature,Arts and Humanities,,
Other German Language and Literature ,German Language and Literature,Arts and Humanities,,
,History ,Arts and Humanities,,
African History ,History,Arts and Humanities,,
Asian History ,History,Arts and Humanities,,
Cultural History ,History,Arts and Humanities,,
Diplomatic History ,History,Arts and Humanities,,
European History ,History,Arts and Humanities,,
History of Gender ,History,Arts and Humanities,,
History of Religion ,History,Arts and Humanities,,
"History of Science, Technology, and Medicine ",History,Arts and Humanities,,
Intellectual History ,History,Arts and Humanities,,
Islamic World and Near East History ,History,Arts and Humanities,,
Latin American History ,History,Arts and Humanities,,
Legal ,History,Arts and Humanities,,
Medieval History ,History,Arts and Humanities,,
Military History ,History,Arts and Humanities,,
Oral History ,History,Arts and Humanities,,
Political History ,History,Arts and Humanities,,
Social History ,History,Arts and Humanities,,
United States History ,History,Arts and Humanities,,
Women's History ,History,Arts and Humanities,,
Other History ,History,Arts and Humanities,,
,"History of Art, Architecture, and Archaeology ",Arts and Humanities,,
American Art and Architecture ,"History of Art, Architecture, and Archaeology",Arts and Humanities,,
"Ancient, Medieval, Renaissance and Baroque Art and Architecture ","History of Art, Architecture, and Archaeology",Arts and Humanities,,
Asian Art and Architecture ,"History of Art, Architecture, and Archaeology",Arts and Humanities,,
Contemporary Art ,"History of Art, Architecture, and Archaeology",Arts and Humanities,,
Modern Art and Architecture ,"History of Art, Architecture, and Archaeology",Arts and Humanities,,
Theory and Criticism ,"History of Art, Architecture, and Archaeology",Arts and Humanities,,
"Other History of Art, Architecture, and Archaeology ","History of Art, Architecture, and Archaeology",Arts and Humanities,,
,Italian Language and Literature ,Arts and Humanities,,
Italian Linguistics ,Italian Language and Literature,Arts and Humanities,,
Italian Literature ,Italian Language and Literature,Arts and Humanities,,
Other Italian Language and Literature ,Italian Language and Literature,Arts and Humanities,,
,Jewish Studies ,Arts and Humanities,,
,Latin American Languages and Societies ,Arts and Humanities,,
,Medieval Studies ,Arts and Humanities,,
,Modern Languages ,Arts and Humanities,,
,Modern Literature ,Arts and Humanities,,
,Music ,Arts and Humanities,,
Composition ,Music,Arts and Humanities,,
Ethnomusicology ,Music,Arts and Humanities,,
Music Practice ,Music,Arts and Humanities,,
Music Theory ,Music,Arts and Humanities,,
Musicology ,Music,Arts and Humanities,,
Other Music ,Music,Arts and Humanities,,
Music Performance ,Music,Arts and Humanities,,
Music Pedagogy ,Music,Arts and Humanities,,
,Near Eastern Languages and Societies ,Arts and Humanities,,
,Philosophy ,Arts and Humanities,,
Continental Philosophy ,Philosophy,Arts and Humanities,,
Epistemology ,Philosophy,Arts and Humanities,,
Esthetics ,Philosophy,Arts and Humanities,,
Ethics and Political Philosophy ,Philosophy,Arts and Humanities,,
Feminist Philosophy ,Philosophy,Arts and Humanities,,
History of Philosophy ,Philosophy,Arts and Humanities,,
Logic and foundations of mathematics ,Philosophy,Arts and Humanities,,
Metaphysics ,Philosophy,Arts and Humanities,,
Philosophy of Language ,Philosophy,Arts and Humanities,,
Philosophy of Mind ,Philosophy,Arts and Humanities,,
Philosophy of Science ,Philosophy,Arts and Humanities,,
Other Philosophy ,Philosophy,Arts and Humanities,,
,Photography ,Arts and Humanities,,
,"Race, Ethnicity and post-Colonial Studies ",Arts and Humanities,,
African American Studies ,"Race, Ethnicity and post-Colonial Studies",Arts and Humanities,,
Asian American Studies ,"Race, Ethnicity and post-Colonial Studies",Arts and Humanities,,
Chicano Studies ,"Race, Ethnicity and post-Colonial Studies",Arts and Humanities,,
Ethnic Studies ,"Race, Ethnicity and post-Colonial Studies",Arts and Humanities,,
Native American Studies ,"Race, Ethnicity and post-Colonial Studies",Arts and Humanities,,
"Other Race, Ethnicity and post-Colonial Studies ","Race, Ethnicity and post-Colonial Studies",Arts and Humanities,,
,Radio ,Arts and Humanities,,
,Reading and Language ,Arts and Humanities,,
,Religion ,Arts and Humanities,,
Biblical Studies ,Religion,Arts and Humanities,,
Christianity ,Religion,Arts and Humanities,,
Christian Denominations and Sects ,Religion,Arts and Humanities,,
Church History ,Religion,Arts and Humanities,,
Comparative Methodologies and Theories ,Religion,Arts and Humanities,,
Ethics in Religion ,Religion,Arts and Humanities,,
History of Christianity ,Religion,Arts and Humanities,,
History of Religions of Eastern Origins ,Religion,Arts and Humanities,,
History of Religions of Western Origin,Religion,Arts and Humanities,,
Liturgy and Worship ,Religion,Arts and Humanities,,
Missions and World Christianity ,Religion,Arts and Humanities,,
New Religious Movements ,Religion,Arts and Humanities,,
Other Religion ,Religion,Arts and Humanities,,
Practical Theology ,Religion,Arts and Humanities,,
"Religious Thought, Theology and Philosophy of Religion ",Religion,Arts and Humanities,,
Systematic /Doctrinal Theology ,Religion,Arts and Humanities,,
,Rhetoric and Composition ,Arts and Humanities,,
Rhetoric ,Rhetoric and Composition,Arts and Humanities,,
Other Rhetoric and Composition ,Rhetoric and Composition,Arts and Humanities,,
,Scandinavian Studies ,Arts and Humanities,,
,Slavic Languages and Societies ,Arts and Humanities,,
,South and Southeast Asian Languages and Societies ,Arts and Humanities,,
,Spanish and Portuguese Language and Literature ,Arts and Humanities,,
Latin American Literature ,Spanish and Portuguese Language and Literature,Arts and Humanities,,
Portuguese Literature ,Spanish and Portuguese Language and Literature,Arts and Humanities,,
Spanish Linguistics ,Spanish and Portuguese Language and Literature,Arts and Humanities,,
Spanish Literature ,Spanish and Portuguese Language and Literature,Arts and Humanities,,
Other Spanish and Portuguese Language and Literature ,Spanish and Portuguese Language and Literature,Arts and Humanities,,
,Television ,Arts and Humanities,,
,Theatre and Performance Studies ,Arts and Humanities,,
Acting ,Theatre and Performance Studies,Arts and Humanities,,
Dance ,Theatre and Performance Studies,Arts and Humanities,,
"Dramatic Literature, Criticism and Theory ",Theatre and Performance Studies,Arts and Humanities,,
Performance Studies ,Theatre and Performance Studies,Arts and Humanities,,
Playwriting ,Theatre and Performance Studies,Arts and Humanities,,
Theatre History ,Theatre and Performance Studies,Arts and Humanities,,
Other Theatre and Performance Studies ,Theatre and Performance Studies,Arts and Humanities,,
,Other Arts and Humanities ,Arts and Humanities,,
,"Other Languages, Societies, and Cultures ",Arts and Humanities,,
,, ,,
,, ,,
,, ,,
,,Business ,,
,Accounting ,Business,,
,Advertising and Promotion Management ,Business,,
,Agribusiness ,Business,,
,Arts Management ,Business,,
,"Business Administration, Management, and Operations ",Business,,
,Business and Corporate Communications ,Business,,
,"Business Law, Public Responsibility, and Ethics ",Business,,
,Corporate Finance ,Business,,
,E-Commerce ,Business,,
,Entrepreneurial and Small Business Operations ,Business,,
,Fashion Business ,Business,,
,Finance and Financial Management ,Business,,
,Hospitality Administration and Management,Business,,
Food and Beverage Management ,Hospitality Administration and Management,Business,,
Gaming and Casino Operations Management ,Hospitality Administration and Management,Business,,
,Human Resources Management ,Business,,
,Insurance ,Business,,
,International Business ,Business,,
,Labor Relations ,Business,,
,Management Information Systems ,Business,,
,Management Sciences and Quantitative Methods ,Business,,
,Marketing ,Business,,
Art Direction ,Marketing,Business,,
,Nonprofit Administration and Management ,Business,,
,Operations and Supply Chain Management ,Business,,
,Organizational Behavior and Theory ,Business,,
,Portfolio and Security Analysis ,Business,,
,Real Estate ,Business,,
,Recreation Business ,Business,,
,Sales and Merchandising ,Business,,
,Sports Management ,Business,,
,Strategic Management Policy ,Business,,
,Taxation ,Business,,
,Technology and Innovation ,Business,,
,Tourism and Travel ,Business,,
,Other Business ,Business,,
,,Education ,,
,Art Education ,Education,,
,"Bilingual, Multilingual, and Multicultural Education ",Education,,
,Community College Leadership ,Education,,
,Curriculum and Instruction ,Education,,
,Curriculum and Social Inquiry ,Education,,
,Disability and Equity in Education ,Education,,
,Educational Administration and Supervision ,Education,,
Adult and Continuing Education Administration ,Educational Administration and Supervision,Education,,
Community College Education Administration ,Educational Administration and Supervision,Education,,
Elementary and Middle and Secondary ,Educational Administration and Supervision,Education,,
,,Education Administration ,,
Higher Education Administration ,Educational Administration and Supervision,Education,,
Special Education Administration ,Educational Administration and Supervision,Education,,
Urban Education ,Educational Administration and Supervision,Education,,
Other Educational Administration and Supervision ,Educational Administration and Supervision,Education,,
,"Educational Assessment, Evaluation, and Research ",Education,,
,Educational Leadership ,Education,,
,Educational Methods ,Education,,
,Educational Psychology ,Education,,
,Gifted Education ,Education,,
,Home Economics ,Education,,
,Instructional Media Design ,Education,,
,International and Comparative Education,Education,,
,Liberal Studies ,Education,,
,Science and Mathematics Education ,Education,,
,Social and Philosophical Foundations of Education ,Education,,
,Special Education and Teaching ,Education,,
,Student Counseling and Personnel Services ,Education,,
,Teacher Education and Professional Development ,Education,,
Adult and Continuing Education and Teaching ,Teacher Education and Professional Development,Education,,
Elementary Education and Teaching ,Teacher Education and Professional Development,Education,,
Higher Education and Teaching ,Teacher Education and Professional Development,Education,,
"Junior High, Intermediate, Middle School Education and Teaching ",Teacher Education and Professional Development,Education,,
"Pre-Elementary, Early Childhood, Kindergarten Teacher Education ",Teacher Education and Professional Development,Education,,
Secondary Education and Teaching ,Teacher Education and Professional Development,Education,,
Other Teacher Education and Professional Development ,Teacher Education and Professional Development,Education,,
,Other Education ,Education,,
,, ,,
,,Engineering ,,
,Aerospace Engineering ,Engineering,,
Aerodynamics and Fluid Mechanics ,Aerospace Engineering,Engineering,,
Aeronautical Vehicles ,Aerospace Engineering,Engineering,,
Astrodynamics ,Aerospace Engineering,Engineering,,
Multi-Vehicle Systems and Air Traffic Control ,Aerospace Engineering,Engineering,,
"Navigation, Guidance, Control and Dynamics ",Aerospace Engineering,Engineering,,
Propulsion and Power ,Aerospace Engineering,Engineering,,
Space Vehicles ,Aerospace Engineering,Engineering,,
Structures and Materials ,Aerospace Engineering,Engineering,,
Systems Engineering and Multidisciplinary Design Optimization ,Aerospace Engineering,Engineering,,
Other Aerospace Engineering ,Aerospace Engineering,Engineering,,
,Biomedical Engineering and Bioengineering ,Engineering,,
Bioelectrical and neuroengineering ,Biomedical Engineering and Bioengineering,Engineering,,
Bioimaging and biomedical optics ,Biomedical Engineering and Bioengineering,Engineering,,
Biological Engineering ,Biomedical Engineering and Bioengineering,Engineering,,
Biomaterials ,Biomedical Engineering and Bioengineering,Engineering,,
Biomechanics and biotransport ,Biomedical Engineering and Bioengineering,Engineering,,
Biomedical devices and instrumentation ,Biomedical Engineering and Bioengineering,Engineering,,
"Molecular, cellular, and tissue engineering ",Biomedical Engineering and Bioengineering,Engineering,,
Systems and integrative engineering ,Biomedical Engineering and Bioengineering,Engineering,,
Vision Science ,Biomedical Engineering and Bioengineering,Engineering,,
Other Biomedical Engineering and Bioengineering ,Biomedical Engineering and Bioengineering,Engineering,,
,Bioresource and Agricultural Engineering ,Engineering,,
,Chemical Engineering ,Engineering,,
Biochemical and Biomolecular Engineering ,Chemical Engineering,Engineering,,
Catalysis and Reaction Engineering ,Chemical Engineering,Engineering,,
Complex Fluids,Chemical Engineering,Engineering,,
Membrane Science ,Chemical Engineering,Engineering,,
Petroleum Engineering ,Chemical Engineering,Engineering,,
Polymer Science ,Chemical Engineering,Engineering,,
Process Control and Systems ,Chemical Engineering,Engineering,,
Thermodynamics ,Chemical Engineering,Engineering,,
Transport Phenomena ,Chemical Engineering,Engineering,,
Other Chemical Engineering ,Chemical Engineering,Engineering,,
,Civil and Environmental Engineering ,Engineering,,
Civil Engineering ,Civil and Environmental Engineering,Engineering,,
Construction Engineering and Management ,Civil and Environmental Engineering,Engineering,,
Environmental Engineering ,Civil and Environmental Engineering,Engineering,,
Geotechnical Engineering ,Civil and Environmental Engineering,Engineering,,
Hydraulic Engineering ,Civil and Environmental Engineering,Engineering,,
Structural Engineering ,Civil and Environmental Engineering,Engineering,,
Other Civil and Environmental Engineering ,Civil and Environmental Engineering,Engineering,,
,Computational Engineering ,Engineering,,
,Computer Engineering ,Engineering,,
Computer and Systems Architecture ,Computer Engineering,Engineering,,
Data Storage Systems ,Computer Engineering,Engineering,,
Digital Circuits ,Computer Engineering,Engineering,,
Digital Communications and Networking ,Computer Engineering,Engineering,,
Hardware Systems ,Computer Engineering,Engineering,,
Robotics ,Computer Engineering,Engineering,,
Other Computer Engineering ,Computer Engineering,Engineering,,
,Electrical and Computer Engineering ,Engineering,,
Biomedical ,Electrical and Computer Engineering,Engineering,,
Controls and Control Theory ,Electrical and Computer Engineering,Engineering,,
Electrical and Electronics ,Electrical and Computer Engineering,Engineering,,
Electromagnetics and photonics ,Electrical and Computer Engineering,Engineering,,
Electronic Devices and Semiconductor Manufacturing ,Electrical and Computer Engineering,Engineering,,
Nanotechnology fabrication ,Electrical and Computer Engineering,Engineering,,
Power and Energy ,Electrical and Computer Engineering,Engineering,,
Signal Processing ,Electrical and Computer Engineering,Engineering,,
Systems and Communications ,Electrical and Computer Engineering,Engineering,,
"VLSI and circuits, Embedded and Hardware Systems ",Electrical and Computer Engineering,Engineering,,
Other Electrical and Computer Engineering ,Electrical and Computer Engineering,Engineering,,
,Engineering Education ,Engineering,,
,Engineering Science and Materials ,Engineering,,
Dynamics and Dynamical Systems ,Engineering Science and Materials,Engineering,,
Engineering Mechanics ,Engineering Science and Materials,Engineering,,
Mechanics of Materials ,Engineering Science and Materials,Engineering,,
Other Engineering Science and Materials ,Engineering Science and Materials,Engineering,,
,Information and Library Science ,Engineering,,
,Materials Science and Engineering ,Engineering,,
Biology and Biomimetic Materials ,Materials Science and Engineering,Engineering,,
Ceramic Materials ,Materials Science and Engineering,Engineering,,
Metallurgy ,Materials Science and Engineering,Engineering,,
Polymer and Organic Materials,Materials Science and Engineering,Engineering,,
Semiconductor and Optical Materials ,Materials Science and Engineering,Engineering,,
Structural Materials ,Materials Science and Engineering,Engineering,,
Other Materials Science and Engineering ,Materials Science and Engineering,Engineering,,
,Mechanical Engineering ,Engineering,,
"Acoustics, Dynamics, and Controls ",Mechanical Engineering,Engineering,,
Applied Mechanics ,Mechanical Engineering,Engineering,,
Biomechanical Engineering ,Mechanical Engineering,Engineering,,
Computer-Aided Engineering and Design ,Mechanical Engineering,Engineering,,
Electro-Mechanical Systems ,Mechanical Engineering,Engineering,,
Energy Systems ,Mechanical Engineering,Engineering,,
"Heat Transfer, Combustion ",Mechanical Engineering,Engineering,,
Manufacturing ,Mechanical Engineering,Engineering,,
Ocean Engineering ,Mechanical Engineering,Engineering,,
Tribology ,Mechanical Engineering,Engineering,,
Other Mechanical Engineering ,Mechanical Engineering,Engineering,,
,Mining Engineering ,Engineering,,
,Nanoscience and Nanotechnology ,Engineering,,
,Nuclear Engineering ,Engineering,,
,"Operations Research, Systems Engineering and Industrial Engineering ",Engineering,,
Ergonomics ,"Operations Research, Systems Engineering and Industrial Engineering",Engineering,,
Industrial Engineering ,"Operations Research, Systems Engineering and Industrial Engineering",Engineering,,
Industrial Technology ,"Operations Research, Systems Engineering and Industrial Engineering",Engineering,,
Operational Research ,"Operations Research, Systems Engineering and Industrial Engineering",Engineering,,
Systems Engineering ,"Operations Research, Systems Engineering and Industrial Engineering",Engineering,,
"Other Operations Research, Systems Engineering and Industrial Engineering ","Operations Research, Systems Engineering and Industrial Engineering",Engineering,,
,Risk Analysis ,Engineering,,
,Other Engineering ,Engineering,,
,, ,,
,,Law ,,
,Accounting Law ,Law,,
,Administrative Law ,Law,,
,Admiralty ,Law,,
,Agency ,Law,,
,Agriculture Law ,Law,,
,Air and Space Law ,Law,,
,Animal Law ,Law,,
,Antitrust and Trade Regulation ,Law,,
,Arts and Entertainment ,Law,,
,Banking and Finance ,Law,,
,Bankruptcy Law ,Law,,
,Biography ,Law,,
,Civil Law ,Law,,
,Civil Procedure ,Law,,
,Civil Rights and Discrimination,Law,,
,Commercial Law ,Law,,
,Common Law ,Law,,
,Communications Law ,Law,,
,Companies law ,Law,,
,Comparative and Foreign Law ,Law,,
,Computer Law ,Law,,
,Conflicts of Law ,Law,,
,Constitutional Law ,Law,,
,Construction Law ,Law,,
,Consumer Protection Law ,Law,,
,Contracts ,Law,,
,Corporation and Enterprise Law ,Law,,
,Courts ,Law,,
,Criminal Law ,Law,,
,Criminal Procedure ,Law,,
,Disability Law ,Law,,
,Dispute Resolution and Arbitration ,Law,,
,Education Law ,Law,,
,Elder Law ,Law,,
,Election Law ,Law,,
,Energy Law ,Law,,
,Entertainment and Sports Law ,Law,,
,Environmental Law ,Law,,
,Estates and Trusts ,Law,,
,Ethics and Professional Responsibility ,Law,,
,European Law ,Law,,
,Evidence ,Law,,
,Family Law ,Law,,
,First Amendment ,Law,,
,Food and Drug Law ,Law,,
,Foreign Law ,Law,,
,Fourteenth Amendment ,Law,,
,Fourth Amendment ,Law,,
,Gaming ,Law,,
,Government Contracts ,Law,,
,Health Law ,Law,,
,Housing Law ,Law,,
,Human Rights Law ,Law,,
,Immigration Law ,Law,,
,Indian and Aboriginal Law ,Law,,
,Insurance Law ,Law,,
,Intellectual Property ,Law,,
,International Law ,Law,,
,International Trade ,Law,,
,Internet Law ,Law,,
,Judges ,Law,,
,Jurisdiction ,Law,,
,Jurisprudence,Law,,
,Juveniles ,Law,,
,Labor and Employment Law ,Law,,
,Land Use Planning ,Law,,
,Law and Economics ,Law,,
,Law and Society ,Law,,
,Law Enforcement and Corrections ,Law,,
,Law of the Sea ,Law,,
,Legal Education ,Law,,
,"Legal History, Theory and Process ",Law,,
,Legal Profession ,Law,,
,Legal Writing and Research ,Law,,
,Legislation ,Law,,
,Litigation ,Law,,
,Marketing Law ,Law,,
,Medical Jurisprudence ,Law,,
,"Military, War and Peace ",Law,,
,Motor Vehicles ,Law,,
,National Security ,Law,,
,Natural Resources Law ,Law,,
,"Oil, Gas, and Mineral Law ",Law,,
,Organizations ,Law,,
,Partnerships ,Law,,
,Politics ,Law,,
,President/Executive Department ,Law,,
,Privacy Law ,Law,,
,Products Liability ,Law,,
,Property Law and Real Estate ,Law,,
,Psychology and Psychiatry ,Law,,
,Public Law and Legal Theory ,Law,,
,Religion Law ,Law,,
,Remedies ,Law,,
,Retirement Security ,Law,,
,RICO ,Law,,
,Rule of Law ,Law,,
,Science and Technology ,Law,,
,Second Amendment ,Law,,
,Secured Transactions ,Law,,
,Securities Law ,Law,,
,Sexuality and the Law ,Law,,
,Social Welfare Law ,Law,,
,State and Local Government Law ,Law,,
,Tax Law ,Law,,
,Taxation-Federal Estate and Gift ,Law,,
,Taxation-Federal Income ,Law,,
,Taxation-State and Local ,Law,,
,Taxation-Transnational ,Law,,
,Torts ,Law,,
,Transnational Law ,Law,,
,Transportation Law ,Law,,
,Water Law ,Law,,
,Women ,Law,,
,Workers' Compensation Law ,Law,,
,Other Law ,Law,,
,, ,,
,,Life Sciences ,,
,Agriculture ,Life Sciences,,
Agricultural Economics ,Agriculture,Life Sciences,,
Agricultural Education ,Agriculture,Life Sciences,,
,Animal Sciences ,Life Sciences,,
Aquaculture and Fisheries ,Animal Sciences,Life Sciences,,
Dairy Science ,Animal Sciences,Life Sciences,,
Ornithology ,Animal Sciences,Life Sciences,,
Poultry or Avian Science ,Animal Sciences,Life Sciences,,
Zoology ,Animal Sciences,Life Sciences,,
Other Animal Sciences ,Animal Sciences,Life Sciences,,
,"Biochemistry, Biophysics, and Structural Biology ",Life Sciences,,
Biochemistry ,"Biochemistry, Biophysics, and Structural Biology",Life Sciences,,
Biophysics ,"Biochemistry, Biophysics, and Structural Biology",Life Sciences,,
Molecular Biology ,"Biochemistry, Biophysics, and Structural Biology",Life Sciences,,
Structural Biology ,"Biochemistry, Biophysics, and Structural Biology",Life Sciences,,
"Other Biochemistry, Biophysics, and Structural Biology ","Biochemistry, Biophysics, and Structural Biology",Life Sciences,,
,Biodiversity ,Life Sciences,,
,Bioinformatics ,Life Sciences,,
,Biology ,Life Sciences,,
,Biotechnology ,Life Sciences,,
,Cell and Developmental Biology ,Life Sciences,,
Cancer Biology ,Cell and Developmental Biology,Life Sciences,,
Cell Anatomy ,Cell and Developmental Biology,Life Sciences,,
Cell Biology ,Cell and Developmental Biology,Life Sciences,,
Developmental Biology ,Cell and Developmental Biology,Life Sciences,,
Other Cell and Developmental Biology ,Cell and Developmental Biology,Life Sciences,,
,Ecology and Evolutionary Biology ,Life Sciences,,
Behavior and Ethology ,Ecology and Evolutionary Biology,Life Sciences,,
Evolution ,Ecology and Evolutionary Biology,Life Sciences,,
Population Biology ,Ecology and Evolutionary Biology,Life Sciences,,
Terrestrial and Aquatic Ecology ,Ecology and Evolutionary Biology,Life Sciences,,
Other Ecology and Evolutionary Biology ,Ecology and Evolutionary Biology,Life Sciences,,
,Entomology ,Life Sciences,,
,Food Science ,Life Sciences,,
Food Biotechnology ,Food Science,Life Sciences,,
Food Chemistry ,Food Science,Life Sciences,,
Food Microbiology ,Food Science,Life Sciences,,
Food Processing ,Food Science,Life Sciences,,
Other Food Science ,Food Science,Life Sciences,,
,Forest Sciences ,Life Sciences,,
Forest Biology ,Forest Sciences,Life Sciences,,
Forest Management ,Forest Sciences,Life Sciences,,
"Wood Science and Pulp, Paper Technology ",Forest Sciences,Life Sciences,,
Other Forestry and Forest Sciences ,Forest Sciences,Life Sciences,,
,Genetics and Genomics ,Life Sciences,,
Computational Biology ,Genetics and Genomics,Life Sciences,,
Genetics ,Genetics and Genomics,Life Sciences,,
Genomics ,Genetics and Genomics,Life Sciences,,
Molecular genetics ,Genetics and Genomics,Life Sciences,,
Other Genetics and Genomics ,Genetics and Genomics,Life Sciences,,
,Immunology and Infectious Disease ,Life Sciences,,
Immunity ,Immunology and Infectious Disease,Life Sciences,,
Immunology of Infectious Disease ,Immunology and Infectious Disease,Life Sciences,,
Immunopathology ,Immunology and Infectious Disease,Life Sciences,,
Immunoprophylaxis and Therapy ,Immunology and Infectious Disease,Life Sciences,,
Parasitology ,Immunology and Infectious Disease,Life Sciences,,
Other Immunology and Infectious Disease ,Immunology and Infectious Disease,Life Sciences,,
,Kinesiology ,Life Sciences,,
Biomechanics ,Kinesiology,Life Sciences,,
Exercise Science ,Kinesiology,Life Sciences,,
Expeditionary Education ,Kinesiology,Life Sciences,,
Motor Control ,Kinesiology,Life Sciences,,
Psychology of Movement ,Kinesiology,Life Sciences,,
Other Kinesiology ,Kinesiology,Life Sciences,,
,Laboratory and Basic Science Research ,Life Sciences,,
,Marine Biology ,Life Sciences,,
,Microbiology ,Life Sciences,,
Bacteriology ,Microbiology,Life Sciences,,
Environmental Microbiology and Microbial Ecology ,Microbiology,Life Sciences,,
Microbial Physiology ,Microbiology,Life Sciences,,
Organismal Biological Physiology ,Microbiology,Life Sciences,,
Pathogenic Microbiology ,Microbiology,Life Sciences,,
Virology ,Microbiology,Life Sciences,,
Other Microbiology ,Microbiology,Life Sciences,,
,Neuroscience and Neurobiology ,Life Sciences,,
Behavioral Neurobiology ,Neuroscience and Neurobiology,Life Sciences,,
Cognitive Neuroscience ,Neuroscience and Neurobiology,Life Sciences,,
Computational Neuroscience ,Neuroscience and Neurobiology,Life Sciences,,
Developmental Neuroscience ,Neuroscience and Neurobiology,Life Sciences,,
Molecular and Cellular Neuroscience ,Neuroscience and Neurobiology,Life Sciences,,
Systems Neuroscience ,Neuroscience and Neurobiology,Life Sciences,,
Other Neuroscience and Neurobiology ,Neuroscience and Neurobiology,Life Sciences,,
,Nutrition ,Life Sciences,,
Comparative Nutrition ,Nutrition,Life Sciences,,
Human and Clinical Nutrition ,Nutrition,Life Sciences,,
International and Community Nutrition ,Nutrition,Life Sciences,,
"Molecular, Genetic, and Biochemical Nutrition",Nutrition,Life Sciences,,
Nutritional Epidemiology ,Nutrition,Life Sciences,,
Other Nutrition ,Nutrition,Life Sciences,,
,"Pharmacology, Toxicology and Environmental Health ",Life Sciences,,
Environmental Health ,"Pharmacology, Toxicology and Environmental Health",Life Sciences,,
Medicinal Chemistry and Pharmaceutics ,"Pharmacology, Toxicology and Environmental Health",Life Sciences,,
Pharmacology ,"Pharmacology, Toxicology and Environmental Health",Life Sciences,,
Toxicology ,"Pharmacology, Toxicology and Environmental Health",Life Sciences,,
"Other Pharmacology, Toxicology and Environmental Health ","Pharmacology, Toxicology and Environmental Health",Life Sciences,,
,Physiology ,Life Sciences,,
Cellular and Molecular Physiology ,Physiology,Life Sciences,,
Comparative and Evolutionary Physiology ,Physiology,Life Sciences,,
Endocrinology ,Physiology,Life Sciences,,
Exercise Physiology ,Physiology,Life Sciences,,
Systems and Integrative Physiology ,Physiology,Life Sciences,,
Other Physiology ,Physiology,Life Sciences,,
,Plant Sciences ,Life Sciences,,
Agricultural Science ,Plant Sciences,Life Sciences,,
Agronomy and Crop Sciences ,Plant Sciences,Life Sciences,,
Botany ,Plant Sciences,Life Sciences,,
Fruit Science ,Plant Sciences,Life Sciences,,
Horticulture ,Plant Sciences,Life Sciences,,
Plant Biology ,Plant Sciences,Life Sciences,,
Plant Breeding and Genetics ,Plant Sciences,Life Sciences,,
Plant Pathology ,Plant Sciences,Life Sciences,,
Other Plant Sciences ,Plant Sciences,Life Sciences,,
,Systems Biology ,Life Sciences,,
,Other Life Sciences ,Life Sciences,,
,, ,,
,,Medicine and Health Sciences ,,
,Alternative and Complementary Medicine ,Medicine and Health Sciences,,
,"Analytical, Diagnostic and Therapeutic Techniques and Equipment ",Medicine and Health Sciences,,
Anesthesia and Analgesia ,"Analytical, Diagnostic and Therapeutic Techniques and Equipment",Medicine and Health Sciences,,
Diagnosis ,"Analytical, Diagnostic and Therapeutic Techniques and Equipment",Medicine and Health Sciences,,
Equipment and Supplies ,"Analytical, Diagnostic and Therapeutic Techniques and Equipment",Medicine and Health Sciences,,
Investigative Techniques ,"Analytical, Diagnostic and Therapeutic Techniques and Equipment",Medicine and Health Sciences,,
"Surgical Procedures, Operative ","Analytical, Diagnostic and Therapeutic Techniques and Equipment",Medicine and Health Sciences,,
Therapeutics ,"Analytical, Diagnostic and Therapeutic Techniques and Equipment",Medicine and Health Sciences,,
"Other Analytical, Diagnostic and Therapeutic Techniques and Equipment ","Analytical, Diagnostic and Therapeutic Techniques and Equipment",Medicine and Health Sciences,,
,Anatomy,Medicine and Health Sciences,,
Animal Structures ,Anatomy,Medicine and Health Sciences,,
Body Regions ,Anatomy,Medicine and Health Sciences,,
Cardiovascular System ,Anatomy,Medicine and Health Sciences,,
Cells ,Anatomy,Medicine and Health Sciences,,
Digestive System ,Anatomy,Medicine and Health Sciences,,
Embryonic Structures ,Anatomy,Medicine and Health Sciences,,
Endocrine System ,Anatomy,Medicine and Health Sciences,,
Fluids and Secretions ,Anatomy,Medicine and Health Sciences,,
Hemic and Immune Systems ,Anatomy,Medicine and Health Sciences,,
Integumentary System ,Anatomy,Medicine and Health Sciences,,
Musculoskeletal System ,Anatomy,Medicine and Health Sciences,,
Nervous System ,Anatomy,Medicine and Health Sciences,,
Respiratory System ,Anatomy,Medicine and Health Sciences,,
Sense Organs ,Anatomy,Medicine and Health Sciences,,
Stomatognathic System ,Anatomy,Medicine and Health Sciences,,
Tissues ,Anatomy,Medicine and Health Sciences,,
Urogenital System ,Anatomy,Medicine and Health Sciences,,
,Bioethics and Medical Ethics ,Medicine and Health Sciences,,
,Chemicals and Drugs ,Medicine and Health Sciences,,
"Amino Acids, Peptides, and Proteins ",Chemicals and Drugs,Medicine and Health Sciences,,
Biological Factors ,Chemicals and Drugs,Medicine and Health Sciences,,
Biomedical and Dental Materials ,Chemicals and Drugs,Medicine and Health Sciences,,
Carbohydrates ,Chemicals and Drugs,Medicine and Health Sciences,,
Chemical Actions and Uses ,Chemicals and Drugs,Medicine and Health Sciences,,
Complex Mixtures ,Chemicals and Drugs,Medicine and Health Sciences,,
Enzymes and Coenzymes ,Chemicals and Drugs,Medicine and Health Sciences,,
Heterocyclic Compounds ,Chemicals and Drugs,Medicine and Health Sciences,,
"Hormones, Hormone Substitutes, and Hormone Antagonists ",Chemicals and Drugs,Medicine and Health Sciences,,
Inorganic Chemicals ,Chemicals and Drugs,Medicine and Health Sciences,,
Lipids ,Chemicals and Drugs,Medicine and Health Sciences,,
Macromolecular Substances ,Chemicals and Drugs,Medicine and Health Sciences,,
"Nucleic Acids, Nucleotides, and Nucleosides ",Chemicals and Drugs,Medicine and Health Sciences,,
Organic Chemicals ,Chemicals and Drugs,Medicine and Health Sciences,,
Pharmaceutical Preparations ,Chemicals and Drugs,Medicine and Health Sciences,,
Polycyclic Compounds ,Chemicals and Drugs,Medicine and Health Sciences,,
Other Chemicals and Drugs ,Chemicals and Drugs,Medicine and Health Sciences,,
,Communication Sciences and Disorders ,Medicine and Health Sciences,,
Speech and Hearing Science ,Communication Sciences and Disorders,Medicine and Health Sciences,,
Speech Pathology and Audiology ,Communication Sciences and Disorders,Medicine and Health Sciences,,
,Dentistry ,Medicine and Health Sciences,,
Dental Materials ,Dentistry,Medicine and Health Sciences,,
Dental Public Health and Education ,Dentistry,Medicine and Health Sciences,,
Endodontics and Endodontology ,Dentistry,Medicine and Health Sciences,,
Oral and Maxillofacial Surgery ,Dentistry,Medicine and Health Sciences,,
Oral Biology and Oral Pathology ,Dentistry,Medicine and Health Sciences,,
Orthodontics and Orthodontology ,Dentistry,Medicine and Health Sciences,,
Pediatric Dentistry and Pedodontics,Dentistry,Medicine and Health Sciences,,
Periodontics and Periodontology ,Dentistry,Medicine and Health Sciences,,
Prosthodontics and Prosthodontology ,Dentistry,Medicine and Health Sciences,,
Other Dentistry ,Dentistry,Medicine and Health Sciences,,
,Dietetics and Clinical Nutrition ,Medicine and Health Sciences,,
,Diseases ,Medicine and Health Sciences,,
Animal Diseases ,Diseases,Medicine and Health Sciences,,
Bacterial Infections and Mycoses ,Diseases,Medicine and Health Sciences,,
Cardiovascular Diseases ,Diseases,Medicine and Health Sciences,,
"Congenital, Hereditary, and Neonatal Diseases and Abnormalities ",Diseases,Medicine and Health Sciences,,
Digestive System Diseases ,Diseases,Medicine and Health Sciences,,
Disease Modeling ,Diseases,Medicine and Health Sciences,,
Disorders of Environmental Origin ,Diseases,Medicine and Health Sciences,,
Endocrine System Diseases ,Diseases,Medicine and Health Sciences,,
Eye Diseases ,Diseases,Medicine and Health Sciences,,
Female Urogenital Diseases and Pregnancy Complications ,Diseases,Medicine and Health Sciences,,
Hemic and Lymphatic Diseases ,Diseases,Medicine and Health Sciences,,
Immune System Diseases ,Diseases,Medicine and Health Sciences,,
Male Urogenital Diseases ,Diseases,Medicine and Health Sciences,,
Musculoskeletal Diseases ,Diseases,Medicine and Health Sciences,,
Neoplasms ,Diseases,Medicine and Health Sciences,,
Nervous System Diseases ,Diseases,Medicine and Health Sciences,,
Nutritional and Metabolic Diseases ,Diseases,Medicine and Health Sciences,,
Otorhinolaryngologic Diseases ,Diseases,Medicine and Health Sciences,,
Parasitic Diseases ,Diseases,Medicine and Health Sciences,,
"Pathological Conditions, Signs and Symptoms ",Diseases,Medicine and Health Sciences,,
Respiratory Tract Diseases ,Diseases,Medicine and Health Sciences,,
Skin and Connective Tissue Diseases ,Diseases,Medicine and Health Sciences,,
Stomatognathic Diseases ,Diseases,Medicine and Health Sciences,,
Virus Diseases ,Diseases,Medicine and Health Sciences,,
,Health Information Technology ,Medicine and Health Sciences,,
,Health and Medical Administration ,Medicine and Health Sciences,,
,Knowledge Translation ,Medicine and Health Sciences,,
,Medical Education ,Medicine and Health Sciences,,
,Medical Sciences ,Medicine and Health Sciences,,
"Biochemical Phenomena, Metabolism, and Nutrition ",Medical Sciences,Medicine and Health Sciences,,
"Biological Phenomena, Cell Phenomena, and Immunity ",Medical Sciences,Medicine and Health Sciences,,
Chemical and Pharmacologic Phenomena ,Medical Sciences,Medicine and Health Sciences,,
Circulatory and Respiratory Physiology ,Medical Sciences,Medicine and Health Sciences,,
"Digestive, Oral, and Skin Physiology ",Medical Sciences,Medicine and Health Sciences,,
Genetic Phenomena ,Medical Sciences,Medicine and Health Sciences,,
Genetic Processes ,Medical Sciences,Medicine and Health Sciences,,
Genetic Structures ,Medical Sciences,Medicine and Health Sciences,,
Medical Anatomy ,Medical Sciences,Medicine and Health Sciences,,
Medical Biochemistry ,Medical Sciences,Medicine and Health Sciences,,
Medical Biomathematics and Biometrics ,Medical Sciences,Medicine and Health Sciences,,
Medical Biophysics ,Medical Sciences,Medicine and Health Sciences,,
Medical Biotechnology,Medical Sciences,Medicine and Health Sciences,,
Medical Cell Biology ,Medical Sciences,Medicine and Health Sciences,,
Medical Genetics ,Medical Sciences,Medicine and Health Sciences,,
Medical Immunology ,Medical Sciences,Medicine and Health Sciences,,
Medical Microbiology ,Medical Sciences,Medicine and Health Sciences,,
Medical Molecular Biology ,Medical Sciences,Medicine and Health Sciences,,
Medical Neurobiology ,Medical Sciences,Medicine and Health Sciences,,
Medical Nutrition ,Medical Sciences,Medicine and Health Sciences,,
Medical Pathology ,Medical Sciences,Medicine and Health Sciences,,
Medical Pharmacology ,Medical Sciences,Medicine and Health Sciences,,
Medical Physiology ,Medical Sciences,Medicine and Health Sciences,,
Medical Toxicology ,Medical Sciences,Medicine and Health Sciences,,
"Musculoskeletal, Neural, and Ocular Physiology ",Medical Sciences,Medicine and Health Sciences,,
Neurosciences ,Medical Sciences,Medicine and Health Sciences,,
Physiological Processes ,Medical Sciences,Medicine and Health Sciences,,
Reproductive and Urinary Physiology ,Medical Sciences,Medicine and Health Sciences,,
Other Medical Sciences ,Medical Sciences,Medicine and Health Sciences,,
,Medical Specialties ,Medicine and Health Sciences,,
Allergy and Immunology ,Medical Specialties,Medicine and Health Sciences,,
Anesthesiology ,Medical Specialties,Medicine and Health Sciences,,
Cardiology ,Medical Specialties,Medicine and Health Sciences,,
Critical Care ,Medical Specialties,Medicine and Health Sciences,,
Dermatology ,Medical Specialties,Medicine and Health Sciences,,
Emergency Medicine ,Medical Specialties,Medicine and Health Sciences,,
"Endocrinology, Diabetes, and Metabolism ",Medical Specialties,Medicine and Health Sciences,,
Gastroenterology ,Medical Specialties,Medicine and Health Sciences,,
Geriatrics ,Medical Specialties,Medicine and Health Sciences,,
Hematology ,Medical Specialties,Medicine and Health Sciences,,
Hepatology ,Medical Specialties,Medicine and Health Sciences,,
Infectious Disease ,Medical Specialties,Medicine and Health Sciences,,
Nephrology ,Medical Specialties,Medicine and Health Sciences,,
Neurology ,Medical Specialties,Medicine and Health Sciences,,
Obstetrics and Gynecology ,Medical Specialties,Medicine and Health Sciences,,
Oncology ,Medical Specialties,Medicine and Health Sciences,,
Ophthalmology ,Medical Specialties,Medicine and Health Sciences,,
Orthopedics ,Medical Specialties,Medicine and Health Sciences,,
Osteopathic Medicine and Osteopathy ,Medical Specialties,Medicine and Health Sciences,,
Otolaryngology ,Medical Specialties,Medicine and Health Sciences,,
Pathology ,Medical Specialties,Medicine and Health Sciences,,
Pediatrics ,Medical Specialties,Medicine and Health Sciences,,
Plastic Surgery ,Medical Specialties,Medicine and Health Sciences,,
Podiatry ,Medical Specialties,Medicine and Health Sciences,,
Preventative Medicine ,Medical Specialties,Medicine and Health Sciences,,
Primary Care ,Medical Specialties,Medicine and Health Sciences,,
Psychiatry ,Medical Specialties,Medicine and Health Sciences,,
Radiology ,Medical Specialties,Medicine and Health Sciences,,
Rheumatology ,Medical Specialties,Medicine and Health Sciences,,
Surgery ,Medical Specialties,Medicine and Health Sciences,,
Trauma,Medical Specialties,Medicine and Health Sciences,,
Urology ,Medical Specialties,Medicine and Health Sciences,,
Other Medical Specialties ,Medical Specialties,Medicine and Health Sciences,,
,Mental and Social Health ,Medicine and Health Sciences,,
Art Therapy ,Mental and Social Health,Medicine and Health Sciences,,
Clinical and Medical Social Work ,Mental and Social Health,Medicine and Health Sciences,,
Cognitive Behavioral Therapy ,Mental and Social Health,Medicine and Health Sciences,,
Community Health ,Mental and Social Health,Medicine and Health Sciences,,
Marriage and Family Therapy and Counseling ,Mental and Social Health,Medicine and Health Sciences,,
Psychiatric and Mental Health ,Mental and Social Health,Medicine and Health Sciences,,
Psychoanalysis and Psychotherapy ,Mental and Social Health,Medicine and Health Sciences,,
Substance Abuse and Addiction ,Mental and Social Health,Medicine and Health Sciences,,
Other Mental and Social Health ,Mental and Social Health,Medicine and Health Sciences,,
,Nursing ,Medicine and Health Sciences,,
Critical Care Nursing ,Nursing,Medicine and Health Sciences,,
Family Practice Nursing ,Nursing,Medicine and Health Sciences,,
Geriatric Nursing ,Nursing,Medicine and Health Sciences,,
"Maternal, Child Health and Neonatal Nursing ",Nursing,Medicine and Health Sciences,,
Nursing Administration ,Nursing,Medicine and Health Sciences,,
Nursing Midwifery ,Nursing,Medicine and Health Sciences,,
Occupational and Environmental Health Nursing ,Nursing,Medicine and Health Sciences,,
Pediatric Nursing ,Nursing,Medicine and Health Sciences,,
"Perioperative, Operating Room and Surgical Nursing ",Nursing,Medicine and Health Sciences,,
Psychiatric and Mental Health Nursing ,Nursing,Medicine and Health Sciences,,
Public Health and Community Nursing ,Nursing,Medicine and Health Sciences,,
Other Nursing ,Nursing,Medicine and Health Sciences,,
,Optometry ,Medicine and Health Sciences,,
,Organisms ,Medicine and Health Sciences,,
Algae ,Organisms,Medicine and Health Sciences,,
Animals ,Organisms,Medicine and Health Sciences,,
Archaea ,Organisms,Medicine and Health Sciences,,
Bacteria ,Organisms,Medicine and Health Sciences,,
Fungi ,Organisms,Medicine and Health Sciences,,
Mesomycetozoea ,Organisms,Medicine and Health Sciences,,
Plants ,Organisms,Medicine and Health Sciences,,
Viruses ,Organisms,Medicine and Health Sciences,,
,Pharmacy and Pharmaceutical Sciences ,Medicine and Health Sciences,,
Medicinal and Pharmaceutical Chemistry ,Pharmacy and Pharmaceutical Sciences,Medicine and Health Sciences,,
Natural Products Chemistry and Pharmacognosy ,Pharmacy and Pharmaceutical Sciences,Medicine and Health Sciences,,
Pharmaceutics and Drug Design ,Pharmacy and Pharmaceutical Sciences,Medicine and Health Sciences,,
Pharmacoeconomics and Pharmaceutical Economics ,Pharmacy and Pharmaceutical Sciences,Medicine and Health Sciences,,Other Pharmacy and Pharmaceutical Sciences 
"Pharmacy Administration, Policy and Regulation Medicine and Health Sciences",Pharmacy and Pharmaceutical Sciences,Medicine and Health Sciences,,
,Psychiatry and Psychology,Medicine and Health Sciences,,
Behavior and Behavior Mechanisms ,Psychiatry and Psychology,Medicine and Health Sciences,,
Behavioral Disciplines and Activities ,Psychiatry and Psychology,Medicine and Health Sciences,,
Dance Movement Therapy ,Psychiatry and Psychology,Medicine and Health Sciences,,
Mental Disorders ,Psychiatry and Psychology,Medicine and Health Sciences,,
Psychological Phenomena and Processes ,Psychiatry and Psychology,Medicine and Health Sciences,,
Other Psychiatry and Psychology ,Psychiatry and Psychology,Medicine and Health Sciences,,
,Public Health ,Medicine and Health Sciences,,
Clinical Epidemiology ,Public Health,Medicine and Health Sciences,,
Community Health and Preventive Medicine ,Public Health,Medicine and Health Sciences,,
Environmental Public Health ,Public Health,Medicine and Health Sciences,,
Epidemiology ,Public Health,Medicine and Health Sciences,,
Health and Medical Physics ,Public Health,Medicine and Health Sciences,,
Health Services Administration ,Public Health,Medicine and Health Sciences,,
Health Services Research ,Public Health,Medicine and Health Sciences,,
Influenza Humans ,Public Health,Medicine and Health Sciences,,
Influenza Virus Vaccines ,Public Health,Medicine and Health Sciences,,
International Public Health ,Public Health,Medicine and Health Sciences,,
Maternal and Child Health ,Public Health,Medicine and Health Sciences,,
Occupational Health and Industrial Hygiene ,Public Health,Medicine and Health Sciences,,
Public Health Education and Promotion ,Public Health,Medicine and Health Sciences,,
Women's Health ,Public Health,Medicine and Health Sciences,,
Other Public Health ,Public Health,Medicine and Health Sciences,,
,Rehabilitation and Therapy ,Medicine and Health Sciences,,
Kinesiotherapy ,Rehabilitation and Therapy,Medicine and Health Sciences,,
Movement and Mind-Body Therapies ,Rehabilitation and Therapy,Medicine and Health Sciences,,
Occupational Therapy ,Rehabilitation and Therapy,Medicine and Health Sciences,,
Orthotics and Prosthetics ,Rehabilitation and Therapy,Medicine and Health Sciences,,
Physical Therapy ,Rehabilitation and Therapy,Medicine and Health Sciences,,
Physiotherapy ,Rehabilitation and Therapy,Medicine and Health Sciences,,
Recreational Therapy ,Rehabilitation and Therapy,Medicine and Health Sciences,,
Somatic Bodywork and Related Therapeutic Practices ,Rehabilitation and Therapy,Medicine and Health Sciences,,
Vocational Rehabilitation Counseling ,Rehabilitation and Therapy,Medicine and Health Sciences,,
Other Rehabilitation and Therapy ,Rehabilitation and Therapy,Medicine and Health Sciences,,
,Sports Sciences ,Medicine and Health Sciences,,
,Veterinary Medicine ,Medicine and Health Sciences,,
Comparative and Laboratory Animal Medicine ,Veterinary Medicine,Medicine and Health Sciences,,
Large or Food Animal and Equine Medicine ,Veterinary Medicine,Medicine and Health Sciences,,
Small or Companion Animal Medicine ,Veterinary Medicine,Medicine and Health Sciences,,
Veterinary Anatomy ,Veterinary Medicine,Medicine and Health Sciences,,
Veterinary Infectious Diseases ,Veterinary Medicine,Medicine and Health Sciences,,
Veterinary Microbiology and Immunobiology ,Veterinary Medicine,Medicine and Health Sciences,,
Veterinary Pathology and Pathobiology ,Veterinary Medicine,Medicine and Health Sciences,,
Veterinary Physiology ,Veterinary Medicine,Medicine and Health Sciences,,
"Veterinary Preventive Medicine, Epidemiology, and Public Health ",Veterinary Medicine,Medicine and Health Sciences,,
Veterinary Toxicology and Pharmacology ,Veterinary Medicine,Medicine and Health Sciences,,
Other Veterinary Medicine,Veterinary Medicine,Medicine and Health Sciences,,
,Other Medicine and Health Sciences ,Medicine and Health Sciences,,
,, ,,
,,Physical Sciences and Mathematics ,,
,Applied Mathematics ,Physical Sciences and Mathematics,,
Control Theory ,Applied Mathematics,Physical Sciences and Mathematics,,
Dynamic Systems ,Applied Mathematics,Physical Sciences and Mathematics,,
Non-linear Dynamics ,Applied Mathematics,Physical Sciences and Mathematics,,
Numerical Analysis and Computation ,Applied Mathematics,Physical Sciences and Mathematics,,
Ordinary Differential Equations and Applied Dynamics ,Applied Mathematics,Physical Sciences and Mathematics,,
Partial Differential Equations ,Applied Mathematics,Physical Sciences and Mathematics,,
Other Applied Mathematics ,Applied Mathematics,Physical Sciences and Mathematics,,
,Astrophysics and Astronomy ,Physical Sciences and Mathematics,,
"Cosmology, Relativity, and Gravity ",Astrophysics and Astronomy,Physical Sciences and Mathematics,,
External Galaxies ,Astrophysics and Astronomy,Physical Sciences and Mathematics,,
Instrumentation ,Astrophysics and Astronomy,Physical Sciences and Mathematics,,
Physical Processes ,Astrophysics and Astronomy,Physical Sciences and Mathematics,,
"Stars, Interstellar Medium and the Galaxy ",Astrophysics and Astronomy,Physical Sciences and Mathematics,,
The Sun and the Solar System ,Astrophysics and Astronomy,Physical Sciences and Mathematics,,
Other Astrophysics and Astronomy ,Astrophysics and Astronomy,Physical Sciences and Mathematics,,
,Chemistry ,Physical Sciences and Mathematics,,
Analytical Chemistry ,Chemistry,Physical Sciences and Mathematics,,
Environmental Chemistry ,Chemistry,Physical Sciences and Mathematics,,
Inorganic Chemistry ,Chemistry,Physical Sciences and Mathematics,,
Materials Chemistry ,Chemistry,Physical Sciences and Mathematics,,
Medicinal-Pharmaceutical Chemistry ,Chemistry,Physical Sciences and Mathematics,,
Organic Chemistry ,Chemistry,Physical Sciences and Mathematics,,
Physical Chemistry ,Chemistry,Physical Sciences and Mathematics,,
Polymer Chemistry ,Chemistry,Physical Sciences and Mathematics,,
Radiochemistry ,Chemistry,Physical Sciences and Mathematics,,
Other Chemistry ,Chemistry,Physical Sciences and Mathematics,,
,Computer Sciences ,Physical Sciences and Mathematics,,
Artificial Intelligence and Robotics ,Computer Sciences,Physical Sciences and Mathematics,,
Databases and Information Systems ,Computer Sciences,Physical Sciences and Mathematics,,
Graphics and Human Computer Interfaces ,Computer Sciences,Physical Sciences and Mathematics,,
Numerical Analysis and Scientific Computing ,Computer Sciences,Physical Sciences and Mathematics,,
OS and Networks ,Computer Sciences,Physical Sciences and Mathematics,,
Programming Languages and Compilers ,Computer Sciences,Physical Sciences and Mathematics,,
Software Engineering ,Computer Sciences,Physical Sciences and Mathematics,,
Systems Architecture ,Computer Sciences,Physical Sciences and Mathematics,,
Theory and Algorithms ,Computer Sciences,Physical Sciences and Mathematics,,
Other Computer Sciences ,Computer Sciences,Physical Sciences and Mathematics,,
,Earth Sciences ,Physical Sciences and Mathematics,,
Biogeochemistry ,Earth Sciences,Physical Sciences and Mathematics,,
Cosmochemistry ,Earth Sciences,Physical Sciences and Mathematics,,
Geochemistry ,Earth Sciences,Physical Sciences and Mathematics,,
Geology,Earth Sciences,Physical Sciences and Mathematics,,
Geomorphology ,Earth Sciences,Physical Sciences and Mathematics,,
Geophysics and Seismology ,Earth Sciences,Physical Sciences and Mathematics,,
Glaciology ,Earth Sciences,Physical Sciences and Mathematics,,
Hydrology ,Earth Sciences,Physical Sciences and Mathematics,,
Mineral Physics ,Earth Sciences,Physical Sciences and Mathematics,,
Paleobiology ,Earth Sciences,Physical Sciences and Mathematics,,
Paleontology ,Earth Sciences,Physical Sciences and Mathematics,,
Sedimentology ,Earth Sciences,Physical Sciences and Mathematics,,
Soil Science ,Earth Sciences,Physical Sciences and Mathematics,,
Stratigraphy ,Earth Sciences,Physical Sciences and Mathematics,,
Tectonics and Structure ,Earth Sciences,Physical Sciences and Mathematics,,
Volcanology ,Earth Sciences,Physical Sciences and Mathematics,,
Other Earth Sciences ,Earth Sciences,Physical Sciences and Mathematics,,
,Environmental Sciences ,Physical Sciences and Mathematics,,
Environmental Health and Protection ,Environmental Sciences,Physical Sciences and Mathematics,,
Environmental Indicators and Impact Assessment ,Environmental Sciences,Physical Sciences and Mathematics,,
Environmental Monitoring ,Environmental Sciences,Physical Sciences and Mathematics,,
Natural Resource Economics ,Environmental Sciences,Physical Sciences and Mathematics,,
Natural Resources and Conservation ,Environmental Sciences,Physical Sciences and Mathematics,,
Natural Resources Management and Policy ,Environmental Sciences,Physical Sciences and Mathematics,,
"Oil, Gas, and Energy ",Environmental Sciences,Physical Sciences and Mathematics,,
Sustainability ,Environmental Sciences,Physical Sciences and Mathematics,,
Water Resource Management ,Environmental Sciences,Physical Sciences and Mathematics,,
Other Environmental Sciences ,Environmental Sciences,Physical Sciences and Mathematics,,
,Mathematics ,Physical Sciences and Mathematics,,
Algebra ,Mathematics,Physical Sciences and Mathematics,,
Algebraic Geometry ,Mathematics,Physical Sciences and Mathematics,,
Analysis ,Mathematics,Physical Sciences and Mathematics,,
Discrete Mathematics and Combinatorics ,Mathematics,Physical Sciences and Mathematics,,
Dynamical Systems ,Mathematics,Physical Sciences and Mathematics,,
Geometry and Topology ,Mathematics,Physical Sciences and Mathematics,,
Harmonic Analysis and Representation ,Mathematics,Physical Sciences and Mathematics,,
Logic and Foundations ,Mathematics,Physical Sciences and Mathematics,,
Number Theory ,Mathematics,Physical Sciences and Mathematics,,
Set Theory ,Mathematics,Physical Sciences and Mathematics,,
Other Mathematics ,Mathematics,Physical Sciences and Mathematics,,
,Oceanography and Atmospheric Sciences and Meteorology ,Physical Sciences and Mathematics,,
Atmospheric Sciences ,Oceanography and Atmospheric Sciences and Meteorology,Physical Sciences and Mathematics,,
Climate ,Oceanography and Atmospheric Sciences and Meteorology,Physical Sciences and Mathematics,,
Fresh Water Studies ,Oceanography and Atmospheric Sciences and Meteorology,Physical Sciences and Mathematics,,
Meteorology ,Oceanography and Atmospheric Sciences and Meteorology,Physical Sciences and Mathematics,,
Oceanography,Oceanography and Atmospheric Sciences and Meteorology,Physical Sciences and Mathematics,,
Other Oceanography and Atmospheric Sciences and Meteorology ,Oceanography and Atmospheric Sciences and Meteorology,Physical Sciences and Mathematics,,
,Physics ,Physical Sciences and Mathematics,,
"Atomic, Molecular and Optical Physics ",Physics,Physical Sciences and Mathematics,,
Biological and Chemical Physics ,Physics,Physical Sciences and Mathematics,,
Condensed Matter Physics ,Physics,Physical Sciences and Mathematics,,
Elementary Particles and Fields and String Theory ,Physics,Physical Sciences and Mathematics,,
Engineering Physics ,Physics,Physical Sciences and Mathematics,,
Fluid Dynamics ,Physics,Physical Sciences and Mathematics,,
Nuclear ,Physics,Physical Sciences and Mathematics,,
Optics ,Physics,Physical Sciences and Mathematics,,
Plasma and Beam Physics ,Physics,Physical Sciences and Mathematics,,
Quantum Physics ,Physics,Physical Sciences and Mathematics,,
Other Physics ,Physics,Physical Sciences and Mathematics,,
,Statistics and Probability ,Physical Sciences and Mathematics,,
Applied Statistics ,Statistics and Probability,Physical Sciences and Mathematics,,
Biometry ,Statistics and Probability,Physical Sciences and Mathematics,,
Biostatistics ,Statistics and Probability,Physical Sciences and Mathematics,,
Categorical Data Analysis ,Statistics and Probability,Physical Sciences and Mathematics,,
Clinical Trials ,Statistics and Probability,Physical Sciences and Mathematics,,
Design of Experiments and Sample Surveys ,Statistics and Probability,Physical Sciences and Mathematics,,
Institutional and Historical ,Statistics and Probability,Physical Sciences and Mathematics,,
Longitudinal Data Analysis and Time Series ,Statistics and Probability,Physical Sciences and Mathematics,,
Microarrays ,Statistics and Probability,Physical Sciences and Mathematics,,
Multivariate Analysis ,Statistics and Probability,Physical Sciences and Mathematics,,
Probability ,Statistics and Probability,Physical Sciences and Mathematics,,
Statistical Methodology ,Statistics and Probability,Physical Sciences and Mathematics,,
Statistical Models ,Statistics and Probability,Physical Sciences and Mathematics,,
Statistical Theory ,Statistics and Probability,Physical Sciences and Mathematics,,
Survival Analysis ,Statistics and Probability,Physical Sciences and Mathematics,,
Vital and Health Statistics ,Statistics and Probability,Physical Sciences and Mathematics,,
Other Statistics and Probability ,Statistics and Probability,Physical Sciences and Mathematics,,
,Other Physical Sciences and Mathematics ,Physical Sciences and Mathematics,,
,, ,,
,,Social and Behavioral Sciences ,,
,Agricultural and Resource Economics ,Social and Behavioral Sciences,,
,Anthropology ,Social and Behavioral Sciences,,
Archaeological Anthropology ,Anthropology,Social and Behavioral Sciences,,
Biological and Physical Anthropology ,Anthropology,Social and Behavioral Sciences,,
Folklore ,Anthropology,Social and Behavioral Sciences,,
Linguistic Anthropology ,Anthropology,Social and Behavioral Sciences,,
Social and Cultural Anthropology ,Anthropology,Social and Behavioral Sciences,,
Other Anthropology ,Anthropology,Social and Behavioral Sciences,,
,Communication ,Social and Behavioral Sciences,,
Broadcast and Video Studies ,Communication,Social and Behavioral Sciences,,
Communication Technology and New Media ,Communication,Social and Behavioral Sciences,,
Critical and Cultural Studies,Communication,Social and Behavioral Sciences,,
"Gender, Race, Sexuality, and Ethnicity in Communication ",Communication,Social and Behavioral Sciences,,
Graphic Communications ,Communication,Social and Behavioral Sciences,,
Health Communication ,Communication,Social and Behavioral Sciences,,
International and Intercultural Communication ,Communication,Social and Behavioral Sciences,,
Interpersonal and Small Group Communication ,Communication,Social and Behavioral Sciences,,
Journalism Studies ,Communication,Social and Behavioral Sciences,,
Mass Communication ,Communication,Social and Behavioral Sciences,,
Organizational Communication ,Communication,Social and Behavioral Sciences,,
Public Relations and Advertising ,Communication,Social and Behavioral Sciences,,
Social Influence and Political Communication ,Communication,Social and Behavioral Sciences,,
Speech and Rhetorical Studies ,Communication,Social and Behavioral Sciences,,
Other Communication ,Communication,Social and Behavioral Sciences,,
,Economics ,Social and Behavioral Sciences,,
Behavioral Economics ,Economics,Social and Behavioral Sciences,,
Econometrics ,Economics,Social and Behavioral Sciences,,
Economic History ,Economics,Social and Behavioral Sciences,,
Economic Theory ,Economics,Social and Behavioral Sciences,,
Finance ,Economics,Social and Behavioral Sciences,,
Growth and Development ,Economics,Social and Behavioral Sciences,,
Health Economics ,Economics,Social and Behavioral Sciences,,
Industrial Organization ,Economics,Social and Behavioral Sciences,,
International Economics ,Economics,Social and Behavioral Sciences,,
Labor Economics ,Economics,Social and Behavioral Sciences,,
Macroeconomics ,Economics,Social and Behavioral Sciences,,
Political Economy ,Economics,Social and Behavioral Sciences,,
Public Economics ,Economics,Social and Behavioral Sciences,,
Other Economics ,Economics,Social and Behavioral Sciences,,
,Geography ,Social and Behavioral Sciences,,
Geographic Information Sciences ,Geography,Social and Behavioral Sciences,,
Human Geography ,Geography,Social and Behavioral Sciences,,
Nature and Society Relations ,Geography,Social and Behavioral Sciences,,
Physical and Environmental Geography ,Geography,Social and Behavioral Sciences,,
Remote Sensing ,Geography,Social and Behavioral Sciences,,
Other Geography ,Geography,Social and Behavioral Sciences,,
,International and Area Studies ,Social and Behavioral Sciences,,
African Studies ,International and Area Studies,Social and Behavioral Sciences,,
Asian Studies ,International and Area Studies,Social and Behavioral Sciences,,
Eastern European Studies ,International and Area Studies,Social and Behavioral Sciences,,
Latin American Studies ,International and Area Studies,Social and Behavioral Sciences,,
Soviet and Post-Soviet Studies ,International and Area Studies,Social and Behavioral Sciences,,
Other International and Area Studies ,International and Area Studies,Social and Behavioral Sciences,,
,Legal Studies ,Social and Behavioral Sciences,,
Criminology and Criminal Justice ,Legal Studies,Social and Behavioral Sciences,,
Legal Theory ,Legal Studies,Social and Behavioral Sciences,,
Other Legal Studies ,Legal Studies,Social and Behavioral Sciences,,
,Leisure Studies ,Social and Behavioral Sciences,,
,Library and Information Science,Social and Behavioral Sciences,,
Archival Science ,Library and Information Science,Social and Behavioral Sciences,,
Information Literacy ,Library and Information Science,Social and Behavioral Sciences,,
,Linguistics ,Social and Behavioral Sciences,,
Anthropological Linguistics and Sociolinguistics ,Linguistics,Social and Behavioral Sciences,,
Applied Linguistics ,Linguistics,Social and Behavioral Sciences,,
Comparative and Historical Linguistics ,Linguistics,Social and Behavioral Sciences,,
Computational Linguistics ,Linguistics,Social and Behavioral Sciences,,
Discourse and Text Linguistics ,Linguistics,Social and Behavioral Sciences,,
First and Second Language Acquisition ,Linguistics,Social and Behavioral Sciences,,
Language Description and Documentation ,Linguistics,Social and Behavioral Sciences,,
Morphology ,Linguistics,Social and Behavioral Sciences,,
Phonetics and Phonology ,Linguistics,Social and Behavioral Sciences,,
Psycholinguistics and Neurolinguistics ,Linguistics,Social and Behavioral Sciences,,
Semantics and Pragmatics ,Linguistics,Social and Behavioral Sciences,,
Syntax ,Linguistics,Social and Behavioral Sciences,,
Typological Linguistics and Linguistic Diversity ,Linguistics,Social and Behavioral Sciences,,
Other Linguistics ,Linguistics,Social and Behavioral Sciences,,
,Organization Development ,Social and Behavioral Sciences,,
,Political Science ,Social and Behavioral Sciences,,
American Politics ,Political Science,Social and Behavioral Sciences,,
Comparative Politics ,Political Science,Social and Behavioral Sciences,,
International Relations ,Political Science,Social and Behavioral Sciences,,
Models and Methods ,Political Science,Social and Behavioral Sciences,,
Political Theory ,Political Science,Social and Behavioral Sciences,,
Other Political Science ,Political Science,Social and Behavioral Sciences,,
,Psychology ,Social and Behavioral Sciences,,
Applied Behavior Analysis ,Psychology,Social and Behavioral Sciences,,
Biological Psychology ,Psychology,Social and Behavioral Sciences,,
Child Psychology ,Psychology,Social and Behavioral Sciences,,
Clinical Psychology ,Psychology,Social and Behavioral Sciences,,
Cognition and Perception ,Psychology,Social and Behavioral Sciences,,
Cognitive Psychology ,Psychology,Social and Behavioral Sciences,,
Community Psychology ,Psychology,Social and Behavioral Sciences,,
Counseling Psychology ,Psychology,Social and Behavioral Sciences,,
Developmental Psychology ,Psychology,Social and Behavioral Sciences,,
Experimental Analysis of Behavior ,Psychology,Social and Behavioral Sciences,,
Health Psychology ,Psychology,Social and Behavioral Sciences,,
Industrial and Organizational Psychology ,Psychology,Social and Behavioral Sciences,,
Multicultural Psychology ,Psychology,Social and Behavioral Sciences,,
Personality and Social Contexts ,Psychology,Social and Behavioral Sciences,,
Quantitative Psychology ,Psychology,Social and Behavioral Sciences,,
School Psychology ,Psychology,Social and Behavioral Sciences,,
Social Psychology ,Psychology,Social and Behavioral Sciences,,
Theory and Philosophy ,Psychology,Social and Behavioral Sciences,,
Other Psychology ,Psychology,Social and Behavioral Sciences,,
,"Public Affairs, Public Policy and Public Administration ",Social and Behavioral Sciences,,
Defense and Security Studies,"Public Affairs, Public Policy and Public Administration",Social and Behavioral Sciences,,
Economic Policy ,"Public Affairs, Public Policy and Public Administration",Social and Behavioral Sciences,,
Education Policy ,"Public Affairs, Public Policy and Public Administration",Social and Behavioral Sciences,,
Energy Policy ,"Public Affairs, Public Policy and Public Administration",Social and Behavioral Sciences,,
Environmental Policy ,"Public Affairs, Public Policy and Public Administration",Social and Behavioral Sciences,,
Health Policy ,"Public Affairs, Public Policy and Public Administration",Social and Behavioral Sciences,,
Infrastructure ,"Public Affairs, Public Policy and Public Administration",Social and Behavioral Sciences,,
Military Studies ,"Public Affairs, Public Policy and Public Administration",Social and Behavioral Sciences,,
Peace and Conflict Studies ,"Public Affairs, Public Policy and Public Administration",Social and Behavioral Sciences,,
"Policy Design, Analysis, and Evaluation ","Public Affairs, Public Policy and Public Administration",Social and Behavioral Sciences,,
"Policy History, Theory, and Methods ","Public Affairs, Public Policy and Public Administration",Social and Behavioral Sciences,,
Public Administration ,"Public Affairs, Public Policy and Public Administration",Social and Behavioral Sciences,,
Public Affairs ,"Public Affairs, Public Policy and Public Administration",Social and Behavioral Sciences,,
Public Policy ,"Public Affairs, Public Policy and Public Administration",Social and Behavioral Sciences,,
"Recreation, Parks and Tourism Administration ","Public Affairs, Public Policy and Public Administration",Social and Behavioral Sciences,,
Science and Technology Policy ,"Public Affairs, Public Policy and Public Administration",Social and Behavioral Sciences,,
Social Policy ,"Public Affairs, Public Policy and Public Administration",Social and Behavioral Sciences,,
Social Welfare ,"Public Affairs, Public Policy and Public Administration",Social and Behavioral Sciences,,
Transportation ,"Public Affairs, Public Policy and Public Administration",Social and Behavioral Sciences,,
Urban Studies ,"Public Affairs, Public Policy and Public Administration",Social and Behavioral Sciences,,
"Other Public Affairs, Public Policy and Public Administration ","Public Affairs, Public Policy and Public Administration",Social and Behavioral Sciences,,
,Science and Technology Studies ,Social and Behavioral Sciences,,
,Social Work ,Social and Behavioral Sciences,,
,Sociology ,Social and Behavioral Sciences,,
Community Engagement ,Sociology,Social and Behavioral Sciences,,
Community-based Learning ,Sociology,Social and Behavioral Sciences,,
Community-based Research ,Sociology,Social and Behavioral Sciences,,
Criminology ,Sociology,Social and Behavioral Sciences,,
"Demography, Population, and Ecology ",Sociology,Social and Behavioral Sciences,,
Educational Sociology ,Sociology,Social and Behavioral Sciences,,
"Family, Life Course, and Society ",Sociology,Social and Behavioral Sciences,,
Gender and Sexuality ,Sociology,Social and Behavioral Sciences,,
Inequality and Stratification ,Sociology,Social and Behavioral Sciences,,
Medicine and Health ,Sociology,Social and Behavioral Sciences,,
Place and Environment ,Sociology,Social and Behavioral Sciences,,
Politics and Social Change ,Sociology,Social and Behavioral Sciences,,
"Quantitative, Qualitative, Comparative, and Historical Methodologies ",Sociology,Social and Behavioral Sciences,,
Race and Ethnicity ,Sociology,Social and Behavioral Sciences,,
Regional Sociology ,Sociology,Social and Behavioral Sciences,,
Rural Sociology,Sociology,Social and Behavioral Sciences,,
Service Learning ,Sociology,Social and Behavioral Sciences,,
"Social Control, Law, Crime, and Deviance ",Sociology,Social and Behavioral Sciences,,
Social Psychology and Interaction ,Sociology,Social and Behavioral Sciences,,
Sociology of Culture ,Sociology,Social and Behavioral Sciences,,
"Theory, Knowledge and Science ",Sociology,Social and Behavioral Sciences,,
Tourism ,Sociology,Social and Behavioral Sciences,,
"Work, Economy and Organizations ",Sociology,Social and Behavioral Sciences,,
Other Sociology ,Sociology,Social and Behavioral Sciences,,
,Sports Studies ,Social and Behavioral Sciences,,
,Urban Studies and Planning ,Social and Behavioral Sciences,,
,Other Social and Behavioral Sciences,Social and Behavioral Sciences,,
